nomis_agency_id,postcode
ABDRCT,CF44 7DW
ABRYCT,SY24 5BW
ABRYMC,SY23 2DE
ALDRCT,GU11 1SS
ALDRMC,GU11 1NY
ASHFCT,TN23 1QQ
ASHTMC,OL6 7TP
AYLSCT,HP20 2NQ
AYLSCC,HP20 1XD
AYLSMC,HP21 7QZ
BANBCT,OX16 5LZ
THA053,OX16 2AW
LDM083,IG6 1HW
BRNTCT,N3 1BQ
BRNSCT,S70 2EW
BRNSMC,S70 2DW
BNSTCT,EX31 1DX
BNSTMC,EX31 1DY
BRRWCT,LA14 2EZ
BSLDCT,SS14 2EU
BSLDCC,SS14 2EU
BSLDMC,SS14 1EH
BSNGCT,RG21 4HG
BSNGMC,RG21 4AB
BATHCT,BA1 1DJ
BATHMC,BA1 5AF
BDFRMC,MK40 1SQ
BDFRCT,MK40 3NN
BDLNMC,NE22 7LX
BRWKMC,TD15 1DZ
BEVRMC,HU17 9EJ
BEXLMC,DA6 7NB
BRKNCT,CH41 5EN
BRKNMC,CH41 5HW
BRMNCT,B4 6DS
BCCACC,B4 7NA
BISHCT,DL14 7HF
BLKBCT,BB1 6DJ
BLKBMC,BB2 1 AA
BLKPCT,FY1 5RJ
BLKPMC,FY1 5RH
BLKWCT,NP12 2XB
BODMCT,PL31 2HJ
BODMMC,PL31 2BQ
BOLTCT,BL1 1SU
BOSTCT,PE21 6PE
BOSTMC,PE21 6PE
BRNMCT,BH7 7DS
BRNMCC,BH7 7DS
BRAAIT,BD3 7BH
BRADCT,BD1 1JA
BRADCC,BD1 1JA
BRADMC,BD1 1JL
BRCKCT,LD3 7HR
BRTFCT,TW8 0JJ
BRDLMC,YO16 9EJ
BRGHCT,BN2 2RF
BRSTCT,BS1 2NR
BRSTCC,BS1 1DA
BRSTMC,BS1 3NU
BRMLCT,BR1 3PX
BROMMC,BR1 1RA
BURNCT,BB11 1XD
BURNMC,BB10 2NQ
BRTNCT,DE14 1BP
BURYCT,BL9 0HJ
BRSECT,IP33 1TR
CRNRCT,LL55 2DF
CAMBCT,CB2 1UA
CAMBCC,CB1 1BT
CAMBMC,CB2 3AX
CANNMC,WS11 1AT
CANTCT,CT1 1ZA
CANTCC,CT1 1ZA
CANTMC,CT1 2UE
CRDFCT,CF10 1ES
CRDFCC,CF10 3PG
CRDFMC,CF24 0RZ
CARLCT,CA1 1DJ
CARLCC,CA1 1DJ
CARLMC,CA3 8QH
CARMCT,SA31 1BJ
CNTRCC,EC4M 7EH
PRINCT,WC1V 6NP
LONDCT,W1N 3PD
CHLMCT,CM2 0QR
CHLMCC,CM1 1EL
CHLMMC,CM1 1NT
CHELCT,GL50 1HB
CHELMC,GL50 3PF
CHESCT,CH1 1SN
CHESCC,CH1 2AN
CHESMC,CH1 2XA
CHSTCT,S41 7TD
CHSTMC,S41 7TW
CHRLCT,PR7 1JE
CITYMC,EC4N 4XY
CLRKCT,N1 8AN
CLCHCT,CO3 3EG
COLHMC,CO1 1HF
CNSTCT,DH8 5AU
CNWYCT,LL29 8LA
COACD,WC2A 2LL
CVNTCT,CV1 2SN
CVNTCC,CV1 2SN
CVNTMC,CV1 2SQ
CRAWMC,RH10 1XD
CREWCT,CW1 2DP
CREWMC,CW1 2DT
CRYDCT,CR9 5AB
CRYDCC,CR9 5AB
CRYDMC,CR9 3NG
CWMBMC,NP44 3YA
DARLCT,DL3 7RL
DRTFCT,DA1 1DX
DRBYCT,DE1 2XE
DRBYCC,DE1 2XE
DRBYMC,DE1 2EP
DEWSCT,WF13 2PE
DONCCT,DN1 3BT
DONCCC,DN1 3HS
DONCMC,DN1 3HU
DUDLCT,DY5 1LN
DUDLMC,DY1 1RY
DURHCT,DH1 3RG
DURHCC,DH1 3HW
EALNMC,W13 0SD
EASBCT,BN21 3SZ
EDMNCT,N18 2TN
EPSMCT,KT18 5DN
EVSHCT,WR11 4EE
EXETCT,EX4 3PS
FLKSMC,CT20 2DH
GTSHCT,NE8 3HY
GTSHMC,NE8 1DT
GLOCCT,GL1 2DE
GLOCCC,GL1 2TG
GRNTCT,NG31 6NJ
GRVSCT,DA12 2DU
GRIMCT,Dn31 1HX
GRTYMC,NR30 1PW
GRIMMC,DN31 1PD
GLDFCT,GU1 4PS
GLDFCC,GU1 4ST
GLDFMC,GU1 4AS
HLFXCT,HX1 2JJ
HRLWCT,CM20 1UW
HRRGCT,HG1 1EL
HRRGMC,HG1 1LS
HRRWCC,HA1 4TU
HRTLCT,TS24 8BS
HSTNCT,TN34 1QX
HSTNMC,TN34 1ND
HATFMC,AL10 9LT
HVRFCT,SA61 2AZ
HVRFMC,SA61 2AZ
HYWHCT,RH16 1YZ
HNDNMC,NW9 7BY
HRFRCT,HR4 9BA
HERFCC,HR4 0BA
HERFMC,HR1 2HE
HERTCT,SG13 8DY
HWYCCT,HP11 1LR
HIGHMC,HP11 1LR
HIGBMC,N7 8JA
HRSHCT,RH12 2EU
HRSHMC,RH12 2ET
HUDRCT,HD1 2RR
HUDRMC,HD1 2NH
HUNTCT,PE29 3BD
ILFDCT,IG1 1TP
INNRCC,SE1 6AZ
IPSWCT,IP1 1EJ
IPSWCC,IP1 2DX
IPSWMC,IP1 2AP
ISLWCC,TW7 5LP
KGHLCT,BD21 3SH
KENDCT,LA9 4NF
KTTRCT,NN16 0DN
KDDRCT,DY10 1QR
KIDDMC,DY10 1QQ
KNGSCT,PE30 1ES
KNGHCT,HU1 2EZ
KINGCC,HU1 2EZ
KNGHMC,HU1 2AD
KNGTCT,KT1 2AD
KNGTCC,KT1 2BB
LANCCT,LA1 1UZ
LANCCC,LA1 1YJ
LANCMC,LA1 1XZ
LEEDMC,LS1 3JP
LEICCT,LE1 6ZZ
LEICCC,LE1 6HG
LEICMC,LE1 9BE
LEIGCT,WN7 1YF
LEWSCT,BN7 1YB
LEWSCC,BN7 1YB
LINCCT,LN5 7PS
LINCCC,LN1 3GA
LINCMC,LN5 7QA
LVRPCT,L2 1XA
LLNWMC,LD1 5DF
LLDUMC,LL30 1GA
LLNLCT,SA15 3AL
LLNLMC,SA15 3AW
LLNGCT,LL77 7EN
LGHBMC,LE11 1AZ
LWSTCT,NR32 1NL
LUDLCT,SY8 1AQ
LUTNCT,LU1 2PU
LUTNCC,LU1 2AA
LUTNMC,LU1 5BL
MDSTCT,ME16 8EQ
MDSTCC,ME16 8EQ
MDSTMC,ME15 6LL
MANCCT,M60 9DJ
MNCHCT,M3 3JU
MNCHMC,M60 1PR
MNSFCT,NG18 1EU
MNSFMC,NG19 6EE
MRGTMC,CT9 1BD
MDWYCT,ME4 4DW
MEDWMC,ME4 4JZ
MLTNCT,LE13 1JY
MDDLMC,TS1 2AS
MDDLCT,TS1 2AE
MLTKCT,MK9 2DT
MLTKMC,MK9 2AJ
MOLDCT,CH7 1AE
NEATCT,SA13 1SB
NLSNCT,BB9 9SU
NWRKCT,NG24 1XB
NWBRCT,RG14 5BY
NWCSCT,NE1 3LA
NWCSCC,NE1 1RQ
STRAMC,E15 4SB
NWPRCT,PO30 5YT
NWPRCC,NP20 4PR
NEWPMC,NP20 4PR
NWPWCT,NP19 7AA
NWTAMC,TQ12 1LA
NWAYMC,DL5 5RT
NRTSCT,NE30 1AG
NRTSMC,NE30 1AG
NORSMC,BS23 1UX
NEWLMC,ST5 2DG
NORAMC,DL7 8QZ
NRTHCC,NN1 3HQ
NRTHMC,NN1 3EB
NRTWCT,CW9 5DB
NORWCT,NR3 1UR
NORWCC,NR3 1UR
NORWMC,NR3 1UP
NOTTCT,NG1 7EJ
NOTTCC,NG1 7EL
NOTTMC,NG2 1EE
NUNTCT,CV11 4EL
NHWKMC,CV11 4JU
OLDHCT,OL1 1NL
OSWSCT,SY11 2SN
OXFDCT,OX1 1TL
OXFDCC,OX1 1TL
OXFRMC,OX1 1RZ
PENRCT,CA11 7QL
PENZCT,TR18 4GH
PBORCT,PE1 1EJ
PBORCC,PE1 1EJ
PBORMC,PE1 1ED
PTRLMC,SR8 1QR
PLYMCC,PL1 2ER
PLYMMC,PL1 2DP
PONTCT,WF8 1RJ
PNTPCT,NP4 6NZ
PNTYCT,CF37 1JR
POOLCT,BN15 2NS
POOLMC,BH15 2RH
PRTSCC,PO1 2EB
PRTSMC,PO1 2DQ
PRCORC,PR2 9NB
PRESCT,PR1 2LL
PRESCC,PR1 2LL
PRSHCC,PR1 2QY
PRESMC,PR1 2QT
RWTNCT,BB4 7RT
READCT,RG1 1HE
READCC,RG1 3EH
READMC,RG1 7TQ
RDDTCT,B97 4AB
RDDTMC,B98 8DB
REIGCT,RH1 6BL
RMFRCT,RM1 4DP
RMFRMC,RM1 3BH
ROTHCT,S60 1YW
RGBYCT,CV21 2RN
RHYLCT,LL18 3LA
SLFRCT,M5 4RR
SALSCT,SP1 2PN
SCRBCT,YO11 2JS
SCARMC,YO12 7AE
SCUNCT,DN15 6PR
SEFTMC,L20 3XX
SEVNMC,TN13 2UT
SHEFCT,S3 8PH
SHEFMC,S3 8LU
SHRDCT,EC2A 4AL
SHRWCT,SY1 1NA
SHRWCC,SY2 6LU
SKEGCT,PE25 1DA
SKIPCT,BD23 1EH
SKIPMC,BD23 1RQ
SLOUCT,SL1 2HE
SLOUMC,SL1 2HJ
SNARCC,E11 1QW
STHSCT,NE33 1AG
STHMMC,NE33 1RG
SOUTMC,SO17 1EX
STHMCT,SO15 2XQ
SOUTCC,SO15 2XQ
STHNCT,SS1 2AW
SOUTCT,PR9 0PU
STHWCC,SE1 2HU
STHECT,WA10 1SE
STALCT,AL1 3TJ
STALCC,AL1 3JW
STALMC,AL1 3LB
STAFCT,ST16 2QQ
STAICT,TW18 1XH
STAIMC,TW18 1XR
STEVMC,SG1 1JQ
STOCCT,Sk1 3DJ
STOCMC,SK1 3NF
STOAIT,ST1 2QB
STOKCT,ST1 3BP
STOUCT,DY8 1QL
STRFCT,CV37 6PA
SUNDCT,SR1 1RB
CUCOCT,GU22 7AP
SWNSCT,SA1 1SP
SWANCC,SA1 4PF
SWNGMC,SA1 5DB
SWINCC,SN1 2HG
SWINMC,SN1 2JB
TAMWCT,B79 7AJ
TAUNCT,TA1 4EU
TAUNCC,TA1 4EU
TAUNMC,TA1 4AX
TEESCC,TS1 2AE
TELFCT,TF3 4JP
TELFMC,TF3 4HX
THMSMC,E3 4DJ
THANCT,CT9 1EQ
CITYCT,EC2V 5AR
TORQCT,TQ2 7AZ
TRWBCT,BA14 8DB
TRURCC,TR1 2PB
TRURMC,TR1 1HZ
UXBRCT,UB4 8HL
UXBRMC,UB8 1PQ
WAKFCT,WF1 1JW
WALSCT,WS1 1JQ
WLSSMC,WS2 8HA
WNDSCT,SW15 2SU
WRWCCT,CV34 4RB
WATFCT,WD1 1EZ
WELBCT,NN8 4NF
WELBMC,NN8 1HF
WLSHCT,SY21 7UX
WLSHMC,SY21 7JQ
WLONCT,W14 8SZ
WESTMC,NW1 5BR
WSPMCT,BS23 1JF
WEYMMC,DT4 8BS
WHTHCT,CA28 7NU
WIGNCT,WN11NG
WIGNMC,WN1 1DW
BRENMC,NW10 2DZ
WILSCT,NW10 8SB
WMBLMC,SW19 7JP
WNCHCT,SO23 9EL
WNCHCC,SO23 9EL
WLVRCC,WV1 3LQ
WLVRMC,WV1 1RA
WDGRCC,N22 5LF
WOOLCC,SE28 0EY
WOOLMC,SE18 6QY
WRCSCC,WR1 1EQ
WRCSMC,WR1 3AD
WORNMC,CA14 4AS
WORKCT,S80 1LN
WORTCT,SO23 9EL
WORTMC,BN11 1JE
WREXCT,LL13 8BB
WREXMC,LL12 7AG
YEOVCT,BA20 2QD
YEOVMC,BA20 1SW
YORKCT,YO1 9WL
YORKCC,YO1 9WZ
YORKMC,YO1 9RE
DP1,SY23 1PH
TVP1,OX14 1AU
MPS1,W3 9BH
DP2,SA18 2LS
GMP3,OL7 0BQ
TVP5,HP21 7NA
NFL1,NR11 6FD
TVP6,OX16 1AS
MPS15,IG11 7NF
SYP1,S70 2DL
DC1,EX31 1DU
CMB2,LA14 2LE
DSW03,CF63 1TD
ESX1,SS14 1EJ
HNT1,RG22 4BS
LCS1,LE4 1DS
BDS2,MK40 1HR
BDS2,MK43 9AX
NRU5,NE22 7LA
MRS3,L25 2PL
NRU6,TD15 1DZ
MPS2,E2 9NZ
MPS16,DA7 4QS
DHM1,DL14 6LB
CLP1,EC2M 4NP
LAN3,BB1 3HT
LAN4,FY44 FG
CHE1,CH1  5BD
WMP7,WS3 2PD
GMP4,BL2 1HY
LNC1,PE21 8QS
DST1,BH1 1QQ
D20BM1,B30 1QX
WYP8,BD10 8SD
WYP4,BD5 0EU
ESX8,CM7 3DJ
DP4,LD3 7AU
BTP4,N7 9ED
NTS1,NG2 1EE
SWL2,CF31 1BZ
AVS3,TA6 3EU
HBS020,YO16 4EW
SUS1,BN1 8AF
MPS3,SW9 7DD
MPS17,BR1 3BG
LAN5,BB10 2NQ
STF1,DE14 1PA
GMP5,BL9 0RD
SFL1,IP33 2RT
NWA1,LL55 1BU
WYP1,HX1 5TW
DC2,TR14 8SY
CAM1,CB1 1JG
KNT1,CT1 3JQ
SWL1,CF10 5EW
DP5,SA43 1BZ
CMB1,CA1 3NQ
BTP1,W1T 2RA
WMP13,CV3 3PS
MPS18,WC2N 4JP
MPS19,WC2N 4JP
GMP1,SK3 0SA
ESX2,CM1 1NF
DHM8,S40 1QP
DRB2,DH3 3TY
SUS7,PO19 2AD
CHIN01,E4 7EA
WLT2,SN15 1ER 
ESX3,CO15 1ET
HMB2,HU5 1SW
ESX4,CO3 3BU
MPS4,NW9 5TW
DHM4,DH8 5DH
MRS1,L30 7PR
NTH1,NN17 1SH
SUS4,RH10 2BF
MPS20,CR9 1BP
DHM2,DL1 5LB
NTH2,NN11 4BS
WYP5,WF12 8AR
NWA2,LL40 2YT
SYP2,DN1 3HX
DHM3,DH1 3AQ
SUS5,BN21 4UF
MPS21,N9 0PW
WYP3,LS11 8BU
LCS2,LE2 7ST
DC4,EX1 2LR
KNT4,CT20 2SG
MPS5,E7 8BS
NRU3,NE13 PH
DBS009,SK13 8BX
LNC2,NG31 7XT
ESX5,RM17 5BX
NFL2,NR31 0DN
HBS019,DN31 1PE
SRY016,GU1 4PZ
MPS22,W6 8AU
STF040,ST1 3DR
ESX6,CM20 1HG
NYK1,HG3 1FR
MPS33,HA2 0DN
MPS34,W9 3RD
SUS2,TN34 1JJ
DP6,SA61 1PF
MPS23,TW6 2DJ
WWM1,HR1 2HT
TVP2,HP11 1BE
NWA6,LL65 1HG
MPS30,TW3 1LB
CAM3,PE29 6NP
MPS7,IG1 1GT
MPS8,N1 0YY
CMB3,LA9 4RH
LDM177,W8 6EQ
MPS31,NW5 3AE
NTT3,NN14 1UE
LCS3,LE5 1FY
AVS1,BS31 1SX
WWM2,DY11 6AN
NFL5,PE34 3AG
MPS9,KT1 1LB
LAN1,LA1 1YB
DC8,PL15 7HY
WWM5,CV32 4LX
MPS24,SE13 7UR
MPS25,E10 6NJ
LNC3,LN1 1YP
WMP2,CV1 2JX
NWA8,LL30 1DN
DP7,SA15 3AD
NWA9,LL77 7EN
NWA5,LL12 0PG
TVP7,RG6 4HR
GMP2,M13 0LL
STF005,ST3 1HH
BDS1,LU1 1SD
HPS046,SO43 7NR
CHS009,SK10 1HQ
TVP8,SL6 6PB
KNT5,ME15 7SG
WWM4,TF3 4HW
GMP13,M90 1NN
NTS2,NG18 2HQ
CAM4,PE15 NRB
KNT2,CT9 1HL
SFL2,IP5 3QS
KNT3,ME7 1NE
WLT1,SN12 6QQ
SWL3,CF47 8ES
NRU1,NE28 9NT
CVL3,TS2 1AB
CHE2,CW10 0TE
TVP3,MK9 2DS
NWA7,CH7 1EF
NTS3,NG24 1JZ
TVP4,RG14 5QU
NRU7,NE5 4AW
NBR038,NE4 8RP
HNT2,PO30 1SZ
GWN1,NP20 2EH
DC5,TR7 1DD
DP3,SY16 1EN
KNT6,DA11 8BD
GMP6,M40 5BQ
NTT1,NN4 0JQ
NTH4,NN1 3EL
STF4,ST1 5NJ
NFL6,NR2 1NN
NHS013,NG1 4BH
WWM6,CV11 4DW
WMP3,B70 7JD
AVS2,BS34 6PY
MPS26,SE15 5SL
GMP7,BB7 1PZ
WMP4,B42 2TU
CAM5,PE3 6SD
DHM5,SR8 5HA
NBR033,NE99 1TB
LDM081,E13 8HJ
MPS10,SE18 1JY
DC3,PL4 8HG
DST2,BH15 2SE
HNT3,PO1 2DG
NWA10,LL19 7TD
LAN6,PR1 2RJ
HMB3,HU5 5SF
WYP9,LS28 5TA
NWA11,LL18 2TP
LDM149,TW9 2RF
MPS11,RM1 3BJ
CHE3,WA7 1TD
IOW1,PO33 2QH
NYK2,YO12 7AD
HBS017,DN15 6QB
SYP3,S9 1TP
WWM3,SY2 5RW
LNC4,PE25 1BJ
LAN2,WN8 6NH
CLP3,B4 6NQ
WMP23,B37 5UB
MLW047,B91 3QL
NRU4,NE33 1RR
HNT4,SO15 1AN
ESX7,SS2 6ES
NRU2,SR5 2DU
DHM6,DL16 6FB
MRS2,L3 3HJ
NWA4,LL17 0HQ
DRB3,DE1 2AB
STF039,ST16 2DQ
WYP6,LS7 3QH
STCUSU,TW18 4LQ
WMP8,B33 8PR
HRT1,SG1 1HF
MPS12,N16 8DS
GCS5,GL5 1QQ
STF053,B74 2NR
MPS32,SM1 4RF
SWAD01,DE11 0AE
SWL17,SA1 5EA
WLT4,SN3 4RT
GMP8,M27 0NF
STF041,B79 7BB
D20HW,B21 9BT
KNT7,TN9 2HS
DC6,TQ2 5AH
MPS27,SE17 3RL
MPS13,SW18 4JJ
HNT6,PO7 7FX
STF2,ST19 5PR
MRS4,L7 1RJ
MLW039,WV11 1XU
NTH5,NN8 1HF
BTP5,HA9 9AA
MPS14,HA0 2HH
MLW051,B70 7PJ
BTP2,E15 3AT
DST3,DT4 9GD
GMP9,WN3 4ER
WILMCR,SK9 5HQ
MRS5,CH41 8BA
SRY4,GU22 7SY
WMP5,WV1 3AA
MPS29,N22 8GZ
WWM7,WR1 2HQ
CMB4,CA14 4EH
SUS3,BN13 2PQ
NFL3,NR18 0WZ
NYK3,YO10 4BY
GWN2,CF82 7SF
ADDENH,CB2 0QQ
BIRING,OL8 4EF
ALPHOS,BL8 2BS
ALPHHO,S2 3PX
ALPHA,GU21 2QS
STCATH,DN4 8QN
ANESLY,NG15 0AR
DELHPK,WA2 8TR
ARDEN,B24 9SA
ARNOLD,LE5 0LE
ASHEHO,BN27 4EP
ASYHSE,TF9 4LX
ASHWTH,L31 1HW
AVESHO,N18 1PQ.
AVONHO,EX7 ONR
STNLAS,NE3 3XT
BARTHO,CO4 5HF
BARUHO,BA1 3NG
BATTHO,SW11 3TG
BEECHO,CB8 7LF
BIGFHO,M13 0XE
BIAUHO,DL14 6AD
BLUBHO,SO40 2RZ  
BOPIHO,PE21 9QS
BRATON,DA2 7AF
LAMBTH,SW9 9NT
BRCHHO,BS2 8BJ
BRRIHO,BS2 8HW
BRLAND,NR13 5EW
BROCHO,SS11 7FE
BROOHO,CM1 7ET
BURSHO,IP22 5TU
BUTLHO,EX7 ONR
CALVHO,NG5 8PT
CAMLDG,EN2 8JL
CEDAHO,CT4 6PW
CEDUHO,CO45HG
CHWICK,MK6 5LS
CHARHO,M6 7DU
CHASHO,CM21 0AS
CHERRY,NR17 1AE
CHESHO,DN5 8AR
CLIFHO,YO30 5RA
COASHO,NR30 4NX
HMRTON,E9 6SR
COUNHO,HU6 8QG
CYGNHO,SG1 4YS
CYTWKE,BD12 8LR
CYGWHO,SE10 8AD
CYGBHO,BD4 6AD
DAMEHO,DL3 6HX
DEACHO,AL3 5PN
DOULHO,NG34 9SJ
STCLEM,IP3 8LS
EDENFD,M25 3BL
ERICS,WD5 0HT
STJAMS,PO4 8LD
FRMILE,RH6 0BN
FARNHO,BR6 8ND
FARMFD,NG24 4SW
HERBRT,BH4 8EP 
FSTLDG,S35 0BJ
FRANHO,LN2 5UA
BLACKB,BS16 2EW
GRGMAC,CB1 5EF
GERRHO,B71 2BG
GLOHOS,BB7 4HX 
GLENHO,ME14 5DX
GRADHO,NG31 8DG
GLDLDG,PR3 2AZ
HAMPHO,PR5 6AQ
BOWDEN,HA1 3JL 
HTHRTN,ST16 3AG
HAWIHO,ST6 7AG
HAZEHO,SE18 3 RG
HAZLWD,S44 5QS
HERLDG,NR6 5BE  
GLNFLD,LE3 9DZ
HILLIH,UB8 3NN
HILLHO,B31 5HE
CHEADL,SK8 3DG
HOPTHO,SW16 2EQ
HUMBER,HU10 6ED
JTSHAW,B37 7HL
JHWARD,E9 5TD
KNGSWY,DE22 3LZ
KSWRTH,SG8 5JP
LNGFRD,TN40 2JE
LEEMIL,PL21 9HL
LEGEHO,LS1 3SX
LESEHO,LS2 8NG
LEMOHO,ST13 5BQ
LICOHO,LN2 5QY
LNDHSE,YO43 4LA
LISTEV,SG1 4AB
LANDUH,MK40 2NS
MARLHO,MK6 5LD
MYDENB,SK10 4SY
MEAVHO,DN21 5UD
MEADHO,NR7 0SN
BETHLM,BR3 3BX
MIDSTG,DL2 1TS
MILTON,NR13 6HA
MONTHO,GL1 3WL
NEPTHO,PO19 4GU
CASTLE,HD4 5RQ
NEWSAM,LS14 6WB
NEWTON,WF1 3SP 
LANRTH,NP15 2YD
LYNFED,BD9 6DP
MWBHOS,M6 8HG
MLLVEW,BN3 7HY
PRKHOS, M8 5RB
NWLMHO,GL1 3WL
NRTHGT,NE61 3BP
REDFRD,N9 9DY
NUNGHO,NN1 5BD
NGENHO,S5 7AU
NORVIC,NR7 0HT
OAKTHO,CO16 0BX
LTLEMR,OX4 4XN
PAPWOH,CB2 0AY
TMSIDE,OL6 9RW
RATHBN,L13 4AW
RAVNSW,PO17 5NA
RESDIE,B45 9BE
REGEHO,CH60 9LE
RDENHO,LS7 3EX
RIDGHO,LA1 3JR
BETHOS,BR3 3BX
ROBIHO,LU4 OFB
ROWAHO,NR10 5RH 
RSTUHO,ST4 6QG
RSTCHO,CV22 5PX
STROHO,M6 8HD
SCCLNC,WA9 5BD
SPRFLD,SW17 7DJ
SHCHHO,S10 2TH
SOLOHO,SO40 2RZ
SOBEDH,MK42 9DJ
STABHO,B30 2XR
STANDW,NN1 5DG
STAEHO,SS12 9JP
STJUHO,LS9 7TF
STJOHN,IP22 1BA
STMAHO,GU27 3PX
STMYHO,WA2 8DB
STMBHO,WA2 8DB
SCKTON,YO32 9UN
STANSD,BH13 7LN
SUTTHO,RM4 1SR
TAREHO,DA2 6PB
THEDEN,BN6 9LE
EALING,UB1 3EU
TSPNY,M46 9NT
THEWHO,ST10 4QU
THRNFD,RG19 8ET
THORS,CO7 8JJ
TOWEHO, E1 4DG
TREVOR,ME16 9PH
UHCHOS,CV2 2DX
UONDHO,DH1 5TW
WARDHO,SW9 9NU
WATLOO, LS25 1NA
WATHHO,S63 6HT
WELLHO,NG3 6AA
WESTHO,TS5 4EE
WHARHO,LS21 2LY
WOODHO,HP20 1EG
WODLHO,MK43 8HJ
CALDER,BB7 9PE
YCHCHO,LS19 7PS
YEWTHO,CO13 0BE
BROIRC,RH6 0PQ
CAMIRC,OX5 1RE
HARIRC,UB7 0HB
DUNIRC,ML10 6RF
HMWIRC,UB7 0HB
LARIRC,BT40 1UR
MORIRC,LN6 9PT
PENIRC,M90 4AG
TINIRC,RH6 0PQ
YARIRC,MK41 6HL
SCH1,LS16 8EB
SCH2,S17 3ES
SCH3,DL5 6JB
SCH4,M30 7RL
SCH5,NG9 8GU
SCH6,SA11 1UL 
SCH8,NG34 7TY
SCH9,BS16 7AA
STC1,ME1 3YB
STC3,MK5 6AJ
STC2,CV23 8SY
HBPO02,HU1 1RS
DBS020,DE1 2EQ
LNS008,PE21 8LN
DBS012,SK17 6DH
DBS005,S41 7TW
CHES01,S41 7UG
DBSAP1,DE22 3BR
LNS010,DN21 2SY
LNS003,NG31 6NZ
DBS010,DE7 5QJ
LTS006,LE1 2LB
LTSAP1,LE1 6YF
LTS007,LE11 2UZ
LTS008,LE13 1GH
LTSAP2,LE2 2PJ
LTS002,LE67 3JB
LNS011,LN1 3AA
LNSAP1,LN1 3NQ
LNS007,LN2 1HN
LNS004,LN5 7QA
LNS006,PE11 2AD
LNS009,LN11 7AN
NHS002,NG18 1LP
NHSAP3,NG3 4JF
NHS012,NG7 1FW
HBSAP2,DN15 6AS
LNS005,PE25 1DA
STF050,ST1 5RQ
SWAD01,DE11 0AE
NHS008,S80 2AS
NHSAP1,NG7 4DJ
LDM130,NW9 7BW
LDM098,DA6 7ND
LDM065,SE1 1JD
LDM143,NW10 2DW
LDM093,BR6 0HE
LDM121,EN2 6SA
LDM016,W12 9AX
GPO01,SE18 6DH
LDM090,IG1 1QQ
LDM077,E15 4LD
474052,RM1 2JT
LDM101,SM1 4JD
LDM049,SW18 2QE
LDM099,CR0 1AX
LDM120,W13 9HH
LDM114,W3 6BG
LDM018,N16 7QS
LDM135,N17 9XX
LDM132,TW3 2AD
LDM133,TW7 5LP
LDM134,EC1V 4RW
LDM109,KT1 2BB
LDM006,SW9 9TN
LDM023,SE13 6JP
LEYT01,E11 3HF
LDM068,SE1 4XW
LDM038,E2 9RD
BOW001,E3 4NS
LDM141,UB8 1PQ
LDM104,SW19 2JL
BCROFT,OL7 0DH
MCG008,M6 6PF
MCG016,M46 0JS
MCG044,BL1 2JS
MCG024,BL9 0LN
MCG003,OL1 2JG
MCG006,OL11 1EF
MCG007,SK1 1EG
NBR027,NE24 2AG
DUR017,DH8 5DH
NBR010,NE46 1XB
NBR014,NE1 4BN
NBR013,NE15 7QQ
NBRAP3,NE4 6XD
DUR002,SR8 1BS
NBR021,SR4 8DS
YSN001,YO31 7WD
DUR001,DL3 6TH
DUR004,DH1 1RG
DUR014,DH1 5TS
NBR008,NE8 1PZ
TES002,TS24 8BL
TES003,TS1 2EJ
MDPL01,TS2 1AB
TES007,TS6 6DF
NBRAP4,NE4 6QX
DUR009,DL5 4DH
NBRAP1,SR4 8DS
TES010,TS17 6QX
NBR035,NE33 1RG
NBR024,NE28 6SE
LCSAP1,BB5 0PX
AULPO,OL6 7PT
AULMPO,OL7 0QN
MRS021,CH41 4PE
PNRPO,BB2 6AY
BLAPRO,BB1 8AF
LCSAP2,BB2 2HL
LCS006,FY3 7AT
LCS009,PR7 3JD
MRS003,L20 7BE
LCS008,BB11 1QW
BRWPB,LA14 1RW
MCG024,BL9 0LN
MCG004,BL9 5DE
CMBAP1,CA3 8DP
CHS008,CH1 4QS
CRE001,CW1 6YY
MCG001,M21 9LH
MCG045,M30 8PF
CHSAP2,CH65 9HE
KNOWPO,L36 6GA
MRS061,L36 9US
CMB005,LA9 4RF
MRS007,L5 7QQ
LCS011,LA1 5NU
MRS051,L13 3AE
MRSAP3,L17 7BQ
MRS025,L2 6PY
MRS011,L22 1RG
MRSAP2,L3 7HS
D05M01,L7 1RJ
MRSAP5,L8 3SA
MRS008,L8 7SX
LDM065,SE1 1JD
MCG034,M14 5YJ
MCG033,M16 0PQ
CHS003,SK10 1BY
CHS009,SK10 1HQ
MCG017,M15 5PE
MCG057,M16 8JN
MCG053,OL9 7QW
MCG006,OL11 1EF
PEPSPO,CA10 2AU
LCS015,PR1 3BN
LCSAP3,PR1 3JE
CHS004,WA7 2UR
CHSAP1,CW11 3BD
LCS017,WN8 8AP
MRS018,WA10 1AP
MCG018,SK4 2PB
CHS005,WA1 2RW
CHS007,CW7 2JS
MRS021,CH41 4PE
CMB009,CA14 4EW
BDS005,LU1 5DA
CBS002,aL1 3XH
KNT021,CT1 3RH
KNT005,ME4 4QQ
CHTPRO,ME4 4QQ
HFS006,EN8 9XL
KNT017,DA11 0AT
HUNTCT,PE29 3BD
SFK006,NR32 1UL
KNT010,ME15 6SJ
PBORCC,PE1 1EJ
HFS003,AL1 3XH
STEPRO,SG1 2AD
HPS005,GU11 1DP
THA038,HP21 7RL
DCP008,EX31 1DR
HPS054,RG21 7SB
ASP002,BA2 4JE
DRS003,BH1 1QL
DRSAP2,BH5 1DU
THA037,RG12 1BP
ASP012,TA6 3HW
ASPAP4,TA6 3LP
ASPAP1,BS2 8NB
ASPAP3,BS2 8UB
ASP022,BS1 3NU
DCP002,TR14 8DN
GCS002,GL50 1QF
BGSWCR,SN15 1JT
DCP009,EX1 1RD
HPS006,PO16 7AF
HPS020,PO16 7SL
GCS11,GL1 1PB
GCSAP1,GL1 4LY
HPS021,PO9 2AS
DGW09,PO30 5BN
HPS029,SO41 9GA
THA046,MK8 9AL
THA044,MK9 2YH
THA030,RG1 6LQ
BICPRO,OX26 2QD
THA054,OX1 1BN
THA018,OX1 1RE
THA017,OX1 4PY
DCP011,PL1 2TS
DCPAP1,PL1 5QE
DRS007,BH14 0JB
HPS013,PO1 2BD
HPS002,PO7 5PL
THA055,RG1 1PE
WTS003,SP1 3SL
THA047,SL1 2HF
HPS050,SO14 2ET
HPS016,SO15 2AJ
HPS016,SO15 5DJ
HPS010,PL25 4TT
WTS005,SN1 3UZ
ASP009,TA1 1SN
DCP010,TQ1 3EQ
DCP007,TR1 1HZ
ASP001,BS22 7BB
DRSAP1,DT4 8SU
DRS009,DT4 8TG
THA028,SL4 2RL
ASP027,BA20 2QD
YSS007,DN2 6AD
YSS005,S3 8PJ
YSS002,S71 1HP
SHEFMC,S3 8LU
DPP002,SY23 1DE
DSW03,CF63 1TD
DPP008,LD3 7HP
DPP003,SA31 1PY
SWSAP1,CF11 6JY
GWT004,NP23 6HG
DPP006,LD1 5DP
DPP005,SA15 2PU
MRTHMC,CF47 8BU
GWT007,NP4 5ES
SWSAP2,SA1 2AW
SWS009,SA1 5AD
WSNAP1,LL14 6RN
MLWAP7,B69 4TH
MLWAP4,B12 9QA
MLWAP2,B16 9HS
MLWAP3,B29 6QY
MLWAP5,B6 6AJ
MLWAP6,WS9 8JZ
MLWAP1,WV14 6AH
MLW018,B33 0LQ
MLW034,DY1 4TA
HERFMC,HR1 2HE
NHSAP2,NG15 6FY
WWS002,CV32 4EL
WWSAP1,CV32 6JG
STF024,ST5 1HJ
WWSAP2,CV11 5RD
WMP008,SY2 6AS
STF032,ST17 4JX
WMP006,TF3 4HX
MLW030,WS1 3QE
MLW031,B70 7PQ
WMP005,WR1 3QQ
WMPAP1,WR3 7BT
MLW010,B42 1SF
MLW011,B29 6NA
MLW045,B33 0LQ
MLW046,B5 6SN
STF004,DE14 1PH
STF011,WS11 1AT
STF014,ST13 6BL
STF039,ST16 2DQ
STF005,ST3 1HH
STF022,B79 7QZ
WMP010,DY11 6XA
YSW006,HX1 4JG
YSW008,BD21 3RB
YSW003,BD1 1LB
YSS028,DN1 2QL
YSN003,HG1 5BG
YSWVH3,LS2 9NZ
YSWVH2,LS6 1AG
YSS023,S65 1NN
YSN004,YO26 5RU
YSN023,YO11 2JN
YSN005,BD23 1HU
YSS021,S60 1HW
HBS001,HU17 9BE
HBS003,YO16 4NG
YSW005,WF13 1PU
HBS004,DN14 6XA
YSW007,HD1 5BW
YSW010,LS1 2EE
YSW014,WF2 8SP
ROTHPB,S60 1RU
NORPO,CW9 5EP
CMB007,CA11 7HW
SEFPO,L21 1EZ
STHYPO,WA10 2SP
STOYPO,SK1 3TA
KENPO,CT9 1UW
HFS004,WD18 0BN
BODPO,PL31 1EZ
ASPAP2,BS7 0PD
DCPAP2,TR14 8NQ
WTS007,SN10 1DZ
THA029,RG30 2AA
SWS011,CF37 1TZ
CCJCPO,LL55 2DF
GWT009,CF83 2WA
CHUCPO,CF10 2HH
WSNAP2,LL57 4HP
DPP004,SA61 1DA
DPMUPO,SA31 2PF
SWS002,CF47 8UX
DGW09,NP20 2GD
DPP007,SY16 1BD
SWS003,CF37 1BA
MLW024,WV1 3JS
NEPOPO,LS2 7EH
YSN009,YO8 4AU
YSN006,DL7 8SG
WIDNMC,WA8 7QL
WIDNYC,WA8 7QL
WIGNYC,WN1 1DW
WINTON,TS21 3EJ
WINWCK,WA2 8RR
WISBMC,PE13 3DE
WISBYC,PE13 3DE
WITHMC,CM8 2AS
WITHYC,CM8 2AS
WITNMC,OX8 7HW
WITTON,M20 2LR
WKNGMC,GU22 7YL
WKNGYC,GU22 7YL
WLONMC,W6 8DN
WLONYC,W6 8DN
WLSAYC,WS9 8NN
WLSGRV,CV2 2OX
WLSHCC,CH1 2AN
WLSHYC,SY21 7UX
REDCRC,B97 4BT
ROCH,OL16 2AU
WARRMC,WA1 1UR
SELPR,Y08 4AU
SGCHOS,LS10 4UZ
648804,PO16 7AF
ABDALE,E17 3QS
ABDRMC,CF44 0NW
ABDRYC,CF44 0NW
ABGVMC,NP7 5DL
ABTYMC,NP13 1PB
ABWLEY,KT16 0AE
WLTFMC,E17 4NX
WLTFYC,E17 4NX
WLVRCT,WV1 3LQ
WMP001,DY11 6XA
WMP002,HR1 2HU
WMP004,B97 4BT
WMP007,TF3 4EQ
WMP009,SY2 6LU
WMP011,WR4 9EE
ROSEB,TS4 3AF
SCOCJD,PA23 8BG
SCOCJS,AB42 1QF
SCUCRC,DN15 6JH
SEAHOS,LS14 6UH
SRY017,GU1 4XB
SRY018,RH1 6YS
SRY019,RH1 6BN
SSX004,BN17 5LF
SSX028,BN1 8AF
STHPOL,WA10 1TG
STMRYN,PO30 5TG
STOK01,TS18 1TZ
SUND01,SR1 1LT
SWS014,SA1 3QN
TEES01,TS18 2SL
TES011,TS18 1SP
CENHUL,HU3 1ST
BDS013,LU1 5DA
BOOT01,L20 4TZ
BRGEMC,BN2 0LG
BRIPO,CF31 1TZ
BSE001,IP33 3TU
BUDCRC,EX23 8LB
CAER01,CF83 2HU
CALHOS,BS4 5BJ
CARD01,CF10 1BS
CARDCR,CF11 6JZ
CBS012,PR13 1ES
CBS014,CB5 8HA
CHAHOS,LS7 4SA
CHS012,WA1 2AZ
CHS013,WA3 6BP
CHTHPO,ME4 4QQ
CUMB01,LA9 4RA
DCP026,TR15 1LS
DCP027,TR18 3PZ
DUR005,DL1 5QT
DUR015,DH1 1TH
DUR016,TS18 2SL
DUR020,DH8 5HL
EBBW01,NP23 6XG
FNP1,EH11 3LN
GLA001,G5 9EJ
GLA002,G66 1QE
GWT010,PO30 5BN
GWT011,NT4 6BZ
HDCRC,HD1 1SG
HLNCRC,DN31 1XD
HORN01,RM11 1QZ
HPS055,SO15 OHW
TES012,TS24 8AE
HPS056,SO17 2HP
HSTHOS,B71 4NH
HUNCRC,PE29 3NJ
HUNHOU,BR2 9EY
KNOHEL,L34 1PB
LCS012,FY7 6TP
LDM007,SW9 9JF
LDM011,SW2 2QD
LDM015,W6 8DN
LDM054,WC2A 2LL
LDM144,N22 5LF
LDM150,SE23 1JW
LDM180,N22 8HF
LDM181,BR2 9EY
LDM182,N16 8DS
LGHBH,LE11 5LD
MCG076,SK1 3GD
DPDALE,FY3 8AZ
MCG078,BL1 8SW
MLW040,B70 9PJ
MLW050,B9 4DY
MLW052,B18 5SR
EASBMC,BN21 4UN
TOWERS,LE3 9EJ
ASP025,BA1 1JW
BICSMC,OX26 2NZ
BTP3,W6 8AU
ACCRCT,BB5 1EQ
ACCRYC,BB5 2BL
ACTNMC,W3 8PB
ACTNYC,W3 8PB
ALNWMC,NE66 1UJ
ALNWYC,NE66 1UJ
ALTNMC,GU34 1AQ
ALTNYC,GU34 1AQ
ALTRCT,M33 7WX
AMERSH,HP7 0JD
ANDVMC,SP10 1EU
ANDVYC,SP10 1EU
ASHFMC,TN23 1QS
ASHTYC,OL6 7TP
ASP003,BS4 2SP
ASP004,BS2 8QN
ASP005,BS10 6AD
ASP006,BS23 1UJ
ASP007,BS2 8QN
ASP008,BS1 1DA
ASP010,BA5 2PQ
ASP011,BA20 1AG
ASP013,TA1 1EU
ASP015,BA1 1JN
ASP016,BS1 2NQ
ASP017,BS16 5LX
ASP019,TA1 3QA
ASP020,BS23 1NF
ASP021,BA20 1SN
MRS009,L24 8RN
ASP023,BS23 3TR
ASP024,BA11 1DS
ASP026,BS7 8QB
ASPY01,BA1 2NF
ASPY02,BS2 8PD
ASPY03,BS34 7PP
ASPY04,BA16 0LG
ASPY05,BS23 1TR
AYLSYC,HP21 7QZ
BALNMC,DT11 7HP
BALNYC,DT11 7HP
BARCRC,EX32 8QA
BARKMC,IG11 8EW
BARNCR,S71 1HP
BARROW,BS19 3SG
BASCRC,SS14 1DL
BASDON,SS16 5NL
BDGHL,HU9 1JP
BDL001,LU1 1RF
BDS001,MK40 2PN
BDS002,LU1 1RF
BDS003,MK40 1LY
BDS008,MK40 1SQ
BDS009,LU1 2AA
BDS010,LU1 5DL
BDS011,LU1 1RG
BDS012,MK40 2AP
BDS014,MK40 2QZ
BDS015,MK42 8PP
BDS016,LU1 3AJ
BDS017,MK40 2FG
BELAIT,BT1 3FA
BELMMC,SE28 0HA
MRS053,L5 9YJ
BEVRYC,HU17 9EJ
BICSYC,OX26 2NZ
BINGMC,BD16 1YA
BINGYC,BD16 1YA
BIRAIT,B26 3DU
BISHMC,DL14 6LD
BISHYC,DL14 6LD
BLAYMC,NE21 5AL
BLAYYC,NE21 5AL
BLKBYC,BB2 1AF
BLKPYC,FY1 5RH
BNSTCC,EX4 3PS
BNSTYC,EX31 1DY
BODMIN,PL31 2QT
BOLTCC,BL1 1SU
BOLTYC,BL1 1QX
BORNMC,PE10 9AE
BORNYC,PE10 9AE
HBS014,HU5 3RX
BOSTPR,PE21 6LX
BOSTYC,PE21 6LZ
BOUNDS,L5 7RZ
BOWCT,E15 4EG
BOWSMC,WC2E 7AS
BRADEN,ST10 1NF
BRATWP,BD1 5AA
BRDWMC,TA6 3YL
BRDWYC,TA6 3YL
BRGHCC,BN2 0LG
BRIDCT,CF31 4AS
BRKNYC,CH41 5HW
BRMCMC,B4 6QA
BRMNCC,B4 7NA
BRNMMC,BH1 1LA
BRNTMC,EN5 5UE
BRNTYC,EN5 5UE
BROADM,RG45 7EG
BROAIT,BR1 1RA
BROGRN,L14 3LD
BROWYN,SA61 2PG
BRRWCC,PR1 2LL
BRRWYC,LA14 5QX
BRRYMC,CF63 4SX
BRRYYC,CF63 4SX
BRSEAP,IP33 3AQ
BRSECC,IP1 2AG
BRSEMC,IP33 1HF
BRSEYC,IP33 1HF
HRLWMC,CM20 1HH
BRTFYC,TW8 8EN
BRWKYC,TD15 1EA
BRYAIT,NG1 6HS
BSNGYC,RG21 2AB
DCP012,TQ2 5PJ
DCP013,TR15 2SS
BULMIL,SN9 6BE
BURNCC,BB11 1XD
BURNLY,BB10 2PQ
BURNYC,BB11 2BS
BURTMC,DE14 INZ
BURTYC,DE14 INZ
BURYMC,BL9 0HX
BURYYC,BL9 0HX
BUXTCT,SK17 6DH
BUXTMC,SK17 6DY
BUXTYC,SK17 6DY
CAERMC,CF83 1XA
CAHILL,CR5 3YL
CALNWD,LU4 0LX
CANTCR,CT1 3RH
CAPIO,L22 3XE
CARMCC,SA1 4PF
CBS001,CB2 2BB
CBS003,CB6 1DA
CBS004,PE29 3DB
CBS005,PE29 3BD
CBS006,PR13 1ES
CBS007,PE1 1ED
CBS009,PE29 6NP
CBS010,PE1 5PP
CBS011,PE29 6XG
CBSAP1,PE1 3RW
NBR040,NE24 2AG
NBR044,NE8 1BQ
CHCHCT,PO19 1SX
CHCHYC,PO19 1YE
CHELYC,GL50 3PF
CHINGX,W6 8RF
CHLSEA,SW10 9NH
CHPPMC,SN15 3BF
CHRLMC,PR7 1DS
CHRLYC,PR7 1DS
CHS001,CH1 4RJ
CHS010,TF9 4LX
CHS011,CW11 1HU
GRIWC,DN32 0QW
CHSTYC,S41 7TW
CHTONF,S41 7PF
CHTONT,WA2 8WA
CHURCH,CF14 7XB
CIRNMC,GL7 2Pl
CLPCRC,PR2 2YB
CMB001,CA4 8EW
EASBYC,BN21 4UN
EBORNE,BN21 2UD
CMB002,LA14 2LW
CMB003,CA3 8DR
CMB004,LA9 6ES
CMB006,CA16 6LW
CMB008,CA28 7PA
CMB010,CA2 5LX
CMB011,CA28 7TG
CMB012,LA14 1XH
CMB013,CA1 1RZ
CMBCR1,LA14 1PR
CMBGYC,SE5 7UP
CNCOED,SA2 0GH
CNSTYC,DH8 6LY
COLFMC,GL16 8BQ
COLVMC,LE67 3DP
COLVYC,LE67 3DP
CONTYH,DH1 4ST
HELLIN,BN27 4ER
COOPRC,WN1 1HR
CRACRC,RH10 1BW
CRAWYC,RH10 1XF
CRISTF,DN15 6EA
CRIWID,WA8 0QR
CRNHYC,LL55 1RN
CRNRCC,LL55 2DF
CROMMC,NR27 9EB
CROMYC,NR27 9EB
CRCHIL,BB7 4HX
CRNHMC,LL55 2DF
FNTAIN,SP2 7FD
CSWELL,CF31 4LN
CUMLAN,BB5 0RE
CWMBYC,NP44 3YA
CYGENT,E6 6ZB
CYWING,SE10 8AB
D40AB1,OX1 4PY
D46KT1,ME10 4DH
D46KT2,ME10 4DH
D52WSM,BS23 1UJ
DARLMC,DL1 1RU
DARLYC,DL1 1RU
DBS001,DE4 3PA
DBS002,DE55 7BQ
DBS004,S40 1DU
DBS007,DE1 2XE
DBS011,DE4 3LT
DBS013,DE5 3RS
NRU8,NE33 1RR
DBS015,DE1 3JR
DBS016,DE55 4DB
DBS017,S40 1JF
DBS018,DE55 7BQ
DC7,TR21 0JD
DCCPRB,EX18 7EX
DCP001,EX4 3LJ
DCP003,PL14 6RF
DCP004,TR18 2QJ
DCP005,PL25 4TT
DCP006,TR1 2LS
D12AP3,TS6 6LZ
NFK011,PE30 5EJ
NFK012,NR7 0BE
GOSFYC,NE3 4ES
DCP014,EX4 6BA
DCP015,EX2 7HQ
DCP016,TR7 2NQ
DCP017,PL31 2HL
DCP018,PL1 3PE
DCP019,TQ2 5QS
DCP020,PL14 3DJ
DCP021,TQ2 5PN
DCP022,EX4 4EP
DCP023,TR18 3PZ
DCP024,PL14 3AG
DCP025,EX31 4TP
DCPAP3,EX4 4LZ
DD001,KY8 1AB
DENBAR,TA4 1DD
DERBPR,DE1 1JP
DEV01,EX21 1DR
DEWSMC,WF13 1JP
LDM178,E8 1DY
DEWSYC,WF13 1JP
DLNRCR,DE1 1JP
DNBGMC,LL16 3UU
DNBGYC,LL16 3UU
DNGATE,S65 1DW
DOLCRC,LL40 2YT
DOLGCC,CH1 2AN
DOLGMC,LL40 1DF
DOLGYC,LL40 1DF
DONCL,DN1 3EH
DONCYC,DN1 3HT
DONRYL,DN2 5LT
DORCCC,DT1 1XJ
DORKMC,RH4 1SX
DOROTH,WS2 9XH
DOVRMC,CT16 1BS
DPP001,SA31 2PD
HBS012,DN15 6JH
DRB5,DE5 3SU
DRS001,BH17 7AG
DRS002,DT11 7DW
DRS004,BH1 1LE
DRS005,BH7 7DS
DRS006,DT1 1UT
DRS008,BH20 4JH
DRS010,DT1 1UP
DRS011,BH1 4LB
DRS012,BH1 1QA
DRS013,BH1 1QQ
DRTFMC,DA1 2JW
DRTFYC,DA1 2JW
DUDLYC,DY1 1RY
DUR003,DL14 6HX
DUR018,DH3 3DH
DURDEC,TS1 9EJ
DURHMC,DH1 3JW
DURHYC,DH1 3JW
DVTTTA,TQ1 4XX
EGLAM,CF38 1AB
EGWARE,HA8 0AD
DUR019,SR8 5QW
NHS022,S80 1ET
EHAMHS,E7 8QR
ENDEAV,B23 6DJ
EPPNMC,CM16 4LJ
ESURRY,RH1 5RH
ESX001,CM8 2DD
ESX002,SS15 6PH
ESX003,CM2 0YN
ESX004,CO1 1HL
ESX005,CM20 1DR
ESX006,RM17 6XR
ESX007,SS2 6BA
ESX008,SS14 2EW
ESX009,CM1 1EL
ESX010,CM2 0ND
ESX011,SS2 6BA
ESX012,CO2 7BA
ESXAP1,SS13 1RN
EXETCC,EX4 3PS
EXETMC,EX1 2LS
EXETYC,EX1 2LS
EXTPRO,EX1 1RD
FALPO,TR11 2ES
FARHYC,PO16 7SB
LDM010,W11 3LE
FIEAIT,EC4A 1DZ
FLKSYC,CT20 2GS
FLNTMC,CH6 5AY
FLORNT,SW3 4BP
FLTWMC,FY7 6AT
FLTWYC,FY7 6AT
FOLKCR,CT20 2DH
FORSTN,DT2 9TB
FRANCS,LN2 5QY
FRMSDE,BS16 1ED
FSH001,PL25 5JF
GARDNR,M25 7BL
GARLND,CA1 3SX
GCS001,GL1 3HW
GCS003,GL7 2PF
GCS004,GL1 3HF
GCS005,GL5 4HN
GCS006,GL1 2JF
GCS007,GL1 2TS
GCS008,GL16 8BL
GCS011,GL2 2AN
GCS012,GL1 1AN
GCS013,GL5 2QJ
GCS014,GL5 2QP
GCS1,GL2 2AN
GDMAYE,IG3 8XJ
GLAAIT,G2 7EZ
GLNBRN,PL6 5AF
GLOCYC,GL1 2JH
GLOPBO,GL1 3HF
GLOSMC,SK13 8AL
GLOSYC,SK13 8AL
GNSBMC,DN21 2BB
GODDEN,TN15  OJR
GOOLMC,DN14 5AB
GOOLYC,DN14 5AB
GORDON,SW1V 2RH
MCG54,OL1 1ET
GRACRC,DA11 0AT
GRAYSC,RM17 6SL
GRENLN,SN10 5DS
GRENPK,BR6 8NY
GRIMCC,DN31 1HX
GRNTMC,NG31 7SB
GRNTYC,NG31 7SB
GRTYYC,NR30 1PW
GRYLNG,PO19 4PQ
GRYSMC,RM17 5SB
GRYSYC,RM17 5SB
GUYHOS,SE1 9RT
GWT001,NP4 0XD
GWT003,NP44 2HF
GWT005,NP20 5NE
GWT006,NP20 4UG
GWT008,NP20 5XQ
GWT10,NP12 6BW
HALEMC,B63 3DA
HALEYC,B63 3DA
HAMRSM,W6 8NF
HARAIT,UB7 0HD
HARPER,WD7 9HQ
HASTNG,TN34 3JR
HATAIT,TW14 0LS
HATFPB,AL10 9SJ
HAYAIT,TW14 0LS
LLDUYC,LL30 1GA
HBBRPZ,TR18 2EQ
HBS002,YO42 2DH
HBS005,DN31 1QG
HBS006,DN14 6AE
HBS008,HU1 1RS
HBS011,HU1 2EZ
HBS015,HU2 2PR
HBS016,DN32 0QX
HBS018,HU18 1HP
HBS021,HU1 1RS
HBS023,HU1 3ES
HBSAP1,HU5 2QW
NORUM1,NE33 1LE
HERFYC,HR1 2HE
HERGST,CL57 2PW
HFS001,SG13 7HJ
HFS002,SG1 1XB
HFS005,AL1 3JW
HFXCRC,HX1 1PS
HGHGTE,N19 5JG
HGHYDS,LS29 6AQ
HLFXMC,HX1 2AN
HLFXYC,HX1 2AN
HLLVEW,BA1 3NG
HLYHMC,LL65 1HT
HLYHYC,LL65 1HT
HMB4,DN31 2SG
HMDWHO,S6
HMEFLD,NULL
HMLHPB,HP1 1ES
HNCKMC,LE10 1NZ
HNCKYC,LE10 1NZ
HNTMAD,SL6 OPQ
HNTROE,SW15 4JL
HOGHMC,DH4 5BL
HOGHYC,DH4 5BL
LUDLYC,SY8 1AZ
HOLFRD,TA2 7AZ
HORTON,KT19 8PZ
HOVECC,BN3 3BN
HPS007,GU34 1DQ
HPS012,GU14 7PG
HPS018,SO40 3BT
HPS008,PO16 7AZ
HPS014,PO1 2BG
HPS027,SO23 8DQ
HPS030,SO32 3PD
HPS032,SP10 1QP
HPS033,SO23 9EL
HPS036,SO50 9FD
HPS043,PO16 7SB
HPS044,SO17 1EY
HPS051,PO1 2RX
HPS052,SO15 2AA
HPS053,SO45 6AA
HRLWYC,CM20 1HH
HRRWYC,HA1 2JY
HRSFMC,SW1P 2AX
HRSHYC,RH12 2ET
HRTLMC,TS24 8AG
HRTLYC,TS24 8AG
HRWCMC,CO12 4DN
HRWCYC,CO12 4DN
HSTNYC,TN34 1ND
HTCHCT,SG5 1LX
MCG040,M32 8LG
HUDRYC,HD1 2NH
HUDWM,HD1 1QB
HULLTW,HU1 3AA
HUNTCC,PE1 1EJ
HUNTHO,ST19 9QT
HUNTLE,WC1E 6JA
HUYTMC,L36 9XY
HUYTYC,L36 9XY
HVRFCC,SA1 4PF
HXHMMC,NE46 3NB
HXHMYC,NE46 3NB
HYWHMC,RH16 4BA
HPSVLU,SO23 7EZ
HYWHYC,RH16 4BA
ILCFMC,W1A 3AE
ILKSMC,DE7 5HZ
ILKSYC,DE7 5HZ
IOWICC,PO30 5YT
JERSPS,JE2 3XB
KEMPLE,BB6 8AD
KENDMC,LA14 4TJ
KENDYC,LA14 4TJ
KENETH,NE61 3BP
KENSTN,L63 4JY
KHT025,TN1 2XP
KIDDYC,DY10 1QQ
KLGCS,TS15 9PA
KLPS,TS10 5AP
KNGSCC,PE30 1PQ
KNGSYC,PE30 1PQ
KNGTYC,KF1 1JW
KNT001,ME15 6ND
KNT004,CT1 1ZA
KNT006,CT17 9AJ
KNT007,ME13 7JB
KNT008,ME13 7UE
KNT009,CT20 2DH
KNT011,ME16 8EQ
KNT013,ME12 1NL
KNT022,ME15 9BZ
KNT023,TN13 1HG
KNT024,#N/A
KNT012,CT11 9DH
KNT025,TN23 1PL
KNTAP1,ME16 8SH
KNUTCC,CH1 2AN
LANCYC,LA1 1XZ
LANDON,EX7 0NR
LCS001,PR1 1LD
LCS002,BB5 1AF
LCS003,FY1 4QQ
LCS007,FY4 2DP
LCS010,FY7 6UW
LCS013,LA4 5LX
LCS014,BB9 9YB
LCS018,PR2 2YB
LCS019,BB11 1XD
LCS020,PR1 2LL
LCS021,PR25 2LQ
LCS022,BB2 2PW
LDM004,NW1 5AN
LDM008,N17 9XX
LCS004,BB2 6AY
LDM001,SE1 0BJ
LDM002,SE1 2HY
LDM003,EC4N 4XY
LDM012,W1H 5TP
LDM014,NW1 0TH
LDM017,NW1 7HA
LDM021,SE5 7UW
LDM027,SW17 7BP
LDM030,SE27 9AJ
LDM032,N5 2EA
LDM037,SE5 0AJ
LDM039,SE10 8JL
LDM042,SW1P 3BB
LDM043,N7 8JD
LDM046,SE6 3AU
LDM048,N17 6RS
LDM051,SW9 0JR
LDM052,SW11 2AH
LDM053,EC4M 7EH
LDM058,SE10 8PG
LDM059,SW16 2RZ
LDM067,CR4 4HA
LDM069,SE1 6AZ
LDM070,SW1P 3DX
LDM071,SE18 6DH
LDM073,E7 9PF
LDM074,E7 9HL
LDM075,E17 4TT
LDM078,IG1 1QQ
LDM079,RM1 2JT
LDM082,IG6 1HW
LDM088,CR0 0DH
LDM089,BR3 4LR
LDM094,CR9 5AB
LDM095,CR9 3NE
LDM097,BR1 1LT
LDM019,SE28 OEY
LDM022,SE18 6QY
LDM024,SE1 6AW
LDM026,SE1 2JY
LDM041,EC1V 4RW
LDM076,IG11 8EW
LDM080,E15 4SB
LDM085,E11 1QW
LDM087,RM1 3BH
LDM096,BR1 1BY
LDM100,E15 4LD
LDM106,TW9 4HQ
LDM115,NW10 2DW
LDM116,W13 9HH
LDM118,W5 2HS
LDM119,W13 0SD
LDM123,TW13 5AG
LDM128,HA1 2SU
LDM131,N6 4QJ
LDM136,N17 6RS
LDM138,NW2 3PS
LDM139,UB2 4QQ
LDM142,HA9 6AL
LDM145,SE18 6NN
LDM147,CR0 1DF
LDM170,E3 3DA
LDM175,N22 6HE
LDM176,HA2 0DN
LDM179,KT1 1EY
LDM245,SE1 1JD
LEEDCC,LS1 3BG
LEEDCT,LS1 3BG
LEETWP,LS1 2LF
LEICDN,LE1 5RA
LEWSMC,BN7 2PG
LEWSYC,BN7 2PG
LEYLMC,PR5 1EY
LEYLYC,PR5 1EY
LGHBYC,LE11 2XB
LINCYC,LN5 7QA
LDM110,KT1 1JW
LDM112,SW19 7JP
LDM127,HA1 4TU
LDM129,NW9 7BY
LLNGMC,LL77 7TW
LLNGYC,LL77 7TW
LLNLYC,SA15 3AW
LMBTCT,SE11 4DZ
LMYOS,SW2 1RL
LNDCTR,CM1 7LF
LNGLEY,S5 7JT
LNS001,LN2 5RP
LNS002,PE21 6LX
LNS015,LN5 7PH
LNSDAL,LA1 3JR
LON001,N9 0AH
LOND10,SE18 6EW
LOUTMC,LN11 7AN
LOUTYC,LN11 7AN
LTS001,LE1 3BE
LTS003,LE10 1AP
ROCHYC,OL16 1AR
LTS004,LE1 6AS
LTS005,LE1 5RA
LTS009,LE18 2DH
LTS010,LE1 5RA
LTS011,LE1 9BE
LTS012,LE1 6HG
LTS013,LE19 2BX
LTS014,LE1 7BA
LTS015,LE3 0PB
LTS016,LE1 3GG
LVRPCC,L2 1XA
LWSTMC,NR32 1HJ
LWSTYC,NR32 1HJ
LYNDMC,SO43 7AY
LYNDYC,SO43 7AY
LYWELL,SE13 6LW
MACCMC,SK10 2AB
MACCYC,SK10 2AB
MACGEN,SK10 3BL
MANAIT,M1
MANHOS,NP7 8NF
MARLBR,MK6 5NG
MATPRO,DE4 3FD
MAYFLR,SO14 0YG
MCCLCT,SK11 7NA
MCG002,OL10 1DW
MCG005,OL10 2EW
MCG009,SK14 1BJ
MCG011,M8 7JR
MCG012,M22 5EB
MCG013,M14 5YJ
MCG014,M30 0NG
MCG015,OL1 1PU
NTS002,NN1 1NS
MCG019,BL1 1SU
MCG021,BL1 1QX
MCG022,BL4 8NL
MCG023,BL9 0HX
MCG029,OL6 7JX
MCG036,M3 3FL
MCG037,M3 3JE
MCG039,M20 3JH
LVRDMC,L2 1XA
MCG027,OL6 7AJ
MTIA,LN12 1DP
MCG041,OL1 1QE
MCG043,OL16 1AR
MCG046,SK1 3NF
MCG047,OL6 7TP
MCG048,M33 1UP
MCG049,WN1 1DW
MCG050,M40 8EE
MCG054,M16 8ND
MCG056,M24 2LH
MCG058,OL6 7DN
MCG059,M3 6DJ
MCG060,M20 7FB
MCG061,M46 0JD
MCG062,BL1 4HH
MCG064,M60 1PR
MCG065,OL8 7SS
MCG067,M1 1EZ
MCG068,M32 8HN
MCG070,WN1 1HJ
MCG071,M20 3JH
MCG072,MT0 2ES
MCG073,SK1 3XE
MCG074,M34 2BW
MCG075,M1 3FR
MCHAEL,S11 9EL
MDDLCC,SW1P 3BB
PENN,WV4 5HN
MDSTYC,ME15 6LL
MEABRK,M6 8HG
MELBRY,S022 5DG
MILDMC,IP28 7ER
MINEHD,TA24 5RJ
MLLBRK,NG17 4JT
MLTNMC,LE13 1NH
MLTNYC,LE13 1NH
MEDCRC,ME4 4LE
MLW001,B1 1BD
NWCRC,LS12 1LZ
MLW004,B5 6SN
MLW005,B8 1JR
MLW006,B11 1QS
MLW007,B20 2RA
MLW008,B17 9JX
MLW009,B4 6NF
MLW012,CV1 1HU
MLW013,CV1 3RY
MLW014,DY2 9TS
MLW015,DY1 1RR
MLW016,B23 6UG
MLW017,B63 3DA
MLW019,DY8 1PA
MLW021,B66 2AL
MLW023,WV1 3LX
MLW025,WV1 1RA
MLW026,WV1 3LQ
MLW027,B4 6QU
MLW028,B4 7NA
MLW029,B91 3RD
MLW032,B2 4QJ
MLW033,DY2 8PS
MLW036,B4 6NQ
MLW037,B4 6NF
MLW038,B4 6DE
MLW042,B70 8TD
MLW043,B89 4SN
MLW044,WS2 8HA
MLW048,B5 4UA
MLW049,TF2 9FN
MNCCCC,M3 3FL
MNCMCC,M1 3FS
MNSFYC,NG19 6EE
MOLDCC,CH1 2AN
MLW003,B5 6SN
MOLDYC,CH7 1AQ
MRANDA,HU3 2RT
MRINFM,M13 9WL
MRKDMC,TF9 1PQ
MRKDYC,TF9 1PQ
MRKTMC,LE16 7HH
MRS001,L22 0PJ
MRS006,L24 2SG
MRS010,L2 4TR
MRS012,L14 9ND
MRS013,L25 2RJ
MRS014,L32 4UH
MRS015,L69 2NE
MRS016,L10 2JA
MRS017,PR9 0LJ
MRS022,L20 3BJ
MRS023,L2 2JQ
MRS024,PR9 0ER
MRS026,CH41 4PE
MRS046,L12 3HF
SULLY,CF6 2YA
NWRK01,NG24 1BY
NWPRYC,PO30 5BB
MRS048,WA10 1BD
MRS050,L5 2QD
MRS052,L1 9ED
MRS054,L22 1RD
MRS055,L36 9UG
MRS056,WA10 1FX
MRS057,L11 4SJ
MRS058,CH44 1BU
MRS059,L20 5BW
MRS060,L34 3LG
MRS062,CH41 3JE
MRSAP4,L7 2PF
MRTHCC,CF47 8BH
MRTHCT,CF47 8BH
MRYLMC,NW1 5QJ
MSCALS,CM14 5HQ
MSG073,M34 2BW
MUDSLY,SE5 8AZ
MWALES,LD3 0DS
NASBER,E4 9JQ
NBR001,NE2 4SP
NBR002,NE66 1PR
NBR004,NE63 0RY
NBR006,NE6 1PB
NBR007,NE9 5AE
NBR009,NE3 1HW
NBR011,NE32 3BT
NBR012,NE4 5SU
NBR015,NE1 2LA
NBR016,NE29 0HJ
NBR017,NE29 0AB
NBR018,NE33 1HG
NBR019,NE33 1BB
NBR020,SR2 8JX
NBR022,SR5 2LS
NBR023,SR1 1QU
NBR003,NE63 0RY
NBR005,NE21 5BT
NBR025,NE37 2AB
NBR026,NE1 1JW
NBR028,DH4 4AF
NBR029,TD15 1LF
NBR030,NE22 7LX
NBR031,NE8 1DT
NBR032,DH4 5BL
NBR034,NE30 1AG
NBR036,SR1 3AP
NBR037,NE20 0BL
NBR039,NE3 1HW
NBR041,NE4 5SU
NBR042,NE33 1BB
NBR043,SR1 1QU
NBRAP2,NE8 2SH
NEATMC,SA11 1RF
NEATYC,SA11 1RF
NETOWN,WR5 1JG
NEW001,DL5 4EH
NEW002,DL17 8AZ
NEWAIT,NP18 2LX
NEWBGE,B10 9JH
NEWHAM,E13 8SP
NEWSUS,BN1 3AS
NFK001,NR3 1SU
NFK002,NR30 3AX
NFK003,NR31 1QZ
NFK004,PE30 1HP
NFK005,NR3 1RT
NFK006,IP24 2EA
NFK008,NR3 1BQ
NFK009,NR3 1RT
NFK010,IP24 3RR
NFKAP1,NR3 2DF
NHS001,NG7 1TP
NHS003,NG18 1ER
NHS005,NG24 1JR
NHS007,NG2 1NU
NHS009,NG18 1BP
ROSEWD,SN3 4WF
NHS010,NG7 1NQ
NHS014,NG18 2JW
NHS015,NG1 4BH
NHS016,NG18 2HQ
NHS017,S80 2BE
NHS018,NG7 4HE
NHS019,NG7 7ES
NHS020,S80 1RN
NHS021,NG24 1LN
NHS16,NG1 4BH
NHWKYC,CV11 4WX
NMANCH,M8 6BB
NORAIT,NE29 6AR
NORAYC,DL7 8QZ
NOT1,NG1 7HG
NOTAIT,NG2 1EE
NOTPPO,NG1 7AT
NRTCRC,CW9 5LY
NRTHCT,NN1 3HQ
NRTHYC,NN1 3EB
NRTSYC,NE30 1AG
NRTWYC,CW9 5ES
SHEFTW,S1 4RF
NTS003,NN3 8AX
NTS005,NN17 1NG
NTS013,NN8 4HY
NTS017,NN16 8UW
NTS019,NN1 1HH
NTS020,NN1 5DB
NTS022,NN1 2BN
NTS023,NN15 7QX
NUMCRC,NE6 1SE
NWCLMC,DE14 INZ
NWPRMC,PO30 5BB
NWRKMC,NG24 1LD
NWRKYC,NG24 1LD
NWTAYC,TQ12 1NG
OKHMMC,LE15 6HP
OLDHYC,OL1 1QE
OLDMAN,SP2 7EP
ORCHRD,LU4 0FB
PENDRD,NN5 4UN
PENRMC,CA3 8QH
PENRYC,CA3 8QH
PKWOOD,FY3 8PW
PLYMCT,PL1 2ER
PLYPPO,PL4 6LF
PNZCRC,TR18 4BU
PONTMC,WF8 1BW
PONTYC,WF8 1BW
PRES01,PR1 3LS
PRNCSA,CM20 1QX
PRNCSM,NNS 6UH
PRNCSR,RH16 4EX
PRNCSW,CF31 1RQ
PROAIT,EC4V 6JL
PROSPE,RG30 4EJ
PROYAL,NW10 7NS
PRSTMC,LL19 7TE
PRSTYC,LL19 7TE
PRTSCT,PO1 2EB
PRTTYC,SA13 1RU
PTRLYC,SR8 1QR
PTRSON,W2 1PD
PWLLMC,LL53 5ED
PWLLYC,LL53 5ED
QABETH,NE9 6SX
QPARK,BB2 3HH
RAMTON,DN22 0PD
RCCL,TS10 1AG
RCHTMC,TW9 2RF
RCHTYC,TW9 2RF
RDBRYC,IG1 1HW
RDDTYC,B98 8DB
RDHLMC,RH1 6DH
RDHLYC,RH1 6DH
PRTTMC,SA13 1RU
WTS001,BA14 8JQ
SWS008,CF47 8LD
REEDMC,BB10 2NQ
RETFMC,DN22 6BL
RETFYC,DN22 6BL
RFREE,NW3 2QG
RGLAM,CF72 8XR
RHYCRC,LL18 3LA
RMFRYC,RM1 3BH
ROCHMC,OL16 1AR
ROSSMC,BB4 6RD
ROSSYC,BB4 6RD
ROTHMC,S60 1YW
ROTHYC,S60 1YW
ROWAN,CF5 5WF
RSHANT,SO14 0YG
RUNCCT,WA1 1UR
RUNCMC,WA7 2GE
RUNWEL,SS11 7QE
RVNTON,BL4 OJR
SALEMC,M33 7NR
SALEYC,M33 7NR
SALICT,SP2 7EP
SALSCC,SP1 2PN
SANPRB,DH1 3NU
SCILMC,TR1 0JD
THA011,HP11 1NT
SEVNYC,TN13 2HT
SEVRLS,CO4 SHG
SFCUSU,RH1 5DY
SFK001,IP4 1AQ
SFK002,IP33 3TU
SFKAP1,IP4 5AA
SFKAP2,IP1 6LH
SHANON,CM20 1QX
SHEFCC,S3 8PH
SHEFCR,S1 4RH
SHERMC,DT9 3NL
SHREMC,SY2 5NX
SHREYC,SY2 5NX
SHWKMC,CV37 6JJ
SHWKYC,CV37 6JJ
SKEGMC,PE25 1BH
SKEGYC,PE25 1BH
SKEN,SW10 9NG
SKF007,IP1 2AQ
SKIPYC,BD23 1RQ
SLBYYC,YO8 0QW
SLEAMC,NG34 7SH
SLEAYC,NG34 7SH
SLFRYC,M3 6DJ
SMEADH,BS10 5NB
SOLIMC,B91 3RD
SPALMC,PE11 1BB
SPALYC,PE11 1BB
SPARK,CR4 4EJ
SPETPO,NE42 5QD
SRY002,GU2 4EE
SRY010,TW18 1XS
SRY015,GU1 4RS
SSX001,BN11 2BE
SSX002,PO19 1YF
SSX003,BN17 6AU
SSX006,RH12 2DZ
SSX007,RH11 8PB
SSX009,BN21 3UH
SSX012,BN2 9QA
SSX013,BN2 1EJ
SSX015,BN7 1YB
SSX016,BN3 1TL
SSX018,BN21 1DD
SSX019,BN3 3BN
SSX020,BN7 2PG
SSX021,TN34 1EX
SSX022,BN2 0LG
SSX023,TN38 0ET
SSX024,BN11 1JE
SSX025,RH10 1XF
SSX026,TN34 1JJ
SSX027,RH11 8PB
STAFCC,ST16 2QQ
STAFCR,ST16 2ST
STAFYC,ST16 3DW
STAIYC,TW18 1XR
STALYC,AL1 3LB
STAMMC,PE9 2DR
STANSL,N15 3TH
STARDH,L9 7AL
STCADS,NP6 1XQ
STCHRL,W10 6DZ
STCLML,E3 4LL
STDAVD,SA31 3HB
STECH,B33 8RR
STECJS,KA20 3HL
STEDS,ST13 7ER
STEP2,N16 9PD
STF001,ST1 2EN
STF003,ST1 3BP
STF006,WS13 6RJ
STF008,ST5 2DT
TORQ,TQ2 5RS
STF009,ST16 3BL
STF010,ST16 2QQ
STF013,ST16 3DG
STF021,ST17 0OG
STF028,ST18 0GE
STF029,B5 4UA
STF030,ST2 8JY
STF031,ST1 4PW
STF038,ST16 3AD
STF042,ST2 8LD
STF045,ST16 3AG
STF051,ST1 5UR
STF052,B78 3HL
STGEOR,NE61 2NU
STHEYC,WA10 1SZ
STHLMC,SW11 1JU
STHLYC,SW11 1JU
STHMYC,NE33 1RG
STHPBN,SS2 6ER
STHPMC,PR9 0LJ
STHPYC,PR9 0LJ
STHSCC,SS14 2EU
STHSMC,SS2 6EU
STHSYC,SS2 6EU
STLUKE,N10 3HU
STMART,CT1 1TD
STMCHL,CV34 5QW
STMRYL,W2 1NY
PHFUT,CH43 7QF
PLY004,PL1 3LT
218434,PO9 2AS
456740,SO15 1AN
ALDHOS,SK10 4UJ
CARRRC,SA14 7NF
BDFRYC,MK40 1SQ
BOLTMC,BL1 1QX
FELTMC,TW13 5AF
GOSFMC,NE3 4ES
HPS003,SO23 7EZ
HVRFYC,SA 61 2AZ
LDM092,BR3 4LR
LDM111,SM6 0JA
MOLDMC,CH7 1AQ
NWBRMC,RG14 5TQ
REEDYC,BB10 2NQ
SEYMUR,SN1 4LY
SLBYMC,YO8 0QW
STOKYC,ST4 3BX
WDHVEN,SO40 2TA
WDLAND,TN37 7PT
STOKCC,ST1 3BP
STPHSE,NE42 5NT
STPNG,SK2 7JE
STROMC,GL5 1ET
STYDFL,CF47 0SJ
SUDBHC,CO10 2DZ
SUDBMC,CO10 1QN
SUDBYC,CO10 1QN
SUNDMC,SR1 3AP
SUNDYC,SR1 3AP
SUTAIT,SM1 1DA
SUTONS,RM14 1SR
SUTTON,SM2 5NF
SWFFMC,PE37 7LY
SWFFYC,PE37 7LY
SWINCT,SN1 2HG
SWS001,CF31 1TZ
SWS004,CF10 8JX
SWS005,CF10 1JE
SWS006,CF10 3NL
SWS007,CF24 1RZ
SWS010,SA1 4PF
SWS012,CF31 1BZ
SWS013,CF37 2TB
RAIN01,CV23 8SY
WMP003,DY10 1RP
SYWY1,BD18 3EJ
TALYGN,NP4 5YA
TAMSCT,OL6 7TP
TAUNCR,TA1 4AW
TAUNYC,TA1 4AX
TAYAIT,EC1R 4QU
TELFYC,TF3 4HX
TES001,TS1 2RU
TES004,TS1 2RU
TES005,TS1 2PZ
TES006,TS1 2PZ
TES008,TS1 2AE
TES009,TS6 6DD
TESAP1,TS5 6SG
TESAP2,TS6 6DD
TGRANG,NR10 4JD
THA002,OX26 2QD
THA004,OX26 6BU
THA005,HP21 7QZ
THA009,HP11 2EL
THA010,HP11 1LR
THA014,OX1 1JN
THA015,OX4 2LA
THA021,OX14 5AL
THA025,RG14 5QS
THA026,SL6 8PB
THA027,Sl12HJ
THA031,RG1 3EH
THA039,IX16 2AW
THA045,MK11 1BE
THA048,OX16 2RT
THA049,OX11 8BQ
RAM001,CT11 9DH
THA050,OX1 1SZ
WORKYC,S80 2AJ
THA051,RG1 7TQ
THA052,OX26 6HR
TRAFFD,M41 5SL
TRENIT,NG3 3AA
TRU001,TR1 2PQ
TRURCT,TR1 2PB
TRURYC,TR1 3HQ
TTTNYC,N17 6RT
TUNCRC,TN1 2XP
TUNWCT,TN1 1DP
TWRBMC,SE1
TYWLYN,LL33 0HH
WACRC2,WF1 2TS
WAKCRC,WF1 1TX
WAKFMC,WF1 2TW
WAKFYC,WF1 2TW
WALAIT,WS1 1HZ
WARFRD,OX3 7JX
WARHAM,CR3 9YR
HNDNYC,NW9 7BY
WARLMC,B69 4JN
WARLYC,B69 4JN
WATFMC,WD17 1ST
WATFRD,WD1 8HB
THA056,OX4 1JE
THETMC,IP24 3AQ
THETYC,IP24 3AQ
THMSYC,E3 4DJ
TINDAL,HP20 1HU
TOLWTH,KT6 7QU
TPDIP,DT4 7AA
CHPPYC,SN15 3BF
WTS006,BA14 8JQ
WATHWD,S63 7TQ
WATLOW,N19 5NF
WBRMMC,B70 8ED
WBRMYC,B70 8ED
WCHHOS,CH2 1UL
WDG001,N22 8JA
WELLMC,BA5 1SE
WELLSC,BA5 2BE
WELLYC,BA5 1SE
WESTON,BS23 4TQ
WEXHAM,SL2 4HL
WEYMCC,DT4 8TE
WEYMCT,DT4 8TE
WEYMYC,DT4 8BS
THANCR,CT19 1UW
TYNE01,NE24 2AG
WAKCR1,SO21 2EQ
WILTCR,SP2 7RP
WKTMC,CA14 4AS
WLSCRC,WS1 2EQ
WLVPO,WV2 1EZ
WRCCJC,WR1 3QX
WRDCRC,DL3 7BJ
WTS008,SP1 3UZ
YSN010,YO8 4QQ
YSN013,YO1 6GA
YSN024,YO11 1JH
YSW020,WF13 1LY
YSW021,HX1 4EJ
ACCRMC,BB5 2BL
CNSTMC,DH8 6LY
LECSTR,LE5 4PW
MRPTCT,NE61 1LA
NFK007,NR1 4OO
ORMKMC,L39 2BL
ORMKYC,L39 2BL
QMARY,SW15 5PN
SOLIYC,B91 3RD
WLSSYC,WS2 8HA
WOOLCT,SE18 6JW
WORKMC,S80 2AJ
WORKCR,CA14 3BB
WOTTON,GL1 3PX
WRCSCT,WR1 1EQ
WRCSYC,WR1 3QZ
WREXYC,LL12 7BP
WRKTCT,CA14 2PA
WRRNCT,WA1 1UR
WRWKCC,CV32 4EL
WRXHAM,LL13 7TD
WSM001,BS23 1UU
WSN001,LL29 9YF
WSN002,LL57 4DF
WSN003,LL55 1RT
WSN006,LL40 1HA
WSN009,LL13 7YX
WSN011,CH1 2AN
WSN012,CH6 5YN
WSN013,LL29 7AA
WSPMYC,BS23 1UX
WSTMOR,LA9 7RG
WSUITE,DA2 6PH
WTS002,SN15 1NX
WTS004,SN1 5NF
WWS001,CV34 4BJ
WWS003,CV21 2LH
WWS004,CV37 6QR
WWS005,CV34 5LL
WWS006,CV11 4JU
WWS007,CV32 5BB
WYCBYC,HP11 1LR
WYP2,HD1 2NJ
WYP7,WF6 2BG
WYTHEN,M23 9LT
YARAIT,MK41 6HL
YATEMC,BS37 4PY
YATEYC,BS37 4PY
YEOVYC,BA20 1SW
YORKYC,YO1 1RE
YSN007,YO1 9TR
YSN008,DL6 2XQ
YSN011,YO1 9WZ
YSN014,YO3 4XT
YSN020,DL7 9HA
YSS001,S2 2RU
YSS004,S3 9AS
YSS008,S5 7QE
YSS010,S3 8PH
YSS012,S2 2FY
YSS013,DN1 3HU
YSS014,S70 2HW
YSS015,S1 4GE
YSS020,S60 1RU
YSS027,S60 1AJ
YSS030,DN5 9TH
YSS031,S9 2RU
YSS032,S65 1BL
YSS033,S70 2JT
YSS034,DN1 1AF
YSW001,WF1 2DJ
YSW002,BD1 1JZ
YSW004,WF13 2AJ
YSW009,LS9 6TA
YSW011,LS1 3BE
YSW012,LS1 3AP
YSW013,WF8 1QY
YSW015,BD1 4HP
YSW016,BD1 4NL
YSW017,LS9 7DZ
YSW018,WF2 8SP
YSW019,LS9 7DZ
YSWAP1,LS12 1BS
YSWAP2,BD19 3LW
YSWAP3,WF13 2AJ
YSWAP4,WF2 9RF
YSWVH1,LS6 3BJ
YSWY01,LS2 7HX
YSWY02,LS9 7DZ
WIGNCT,WN1 1NG
LONDCT,W1N 4HT
DRBYMC,DE1 3JR
WWM5,CV32 4EL
MPS24,SE13 5JZ
SWL3,CF48 1DL
MPS34,HA0 2HH
BLKWCT,NP2 2XB
BRGHCT,BN2 2JD
BTP4,N7 9QJ
CAM4,PE15 9RB
CRAWMC,RH10 1XF
DP6,SA61 1PE
DST2,BH15 2BP
GLOCCC,GL1 2DE
GWN2,CF82 7EP
ILFDCT,IG1 1BR
LAN6,PR1 2SA
MILTON,M9 4LA
MPS17,BR1 1ER
MPS23,UB7 0DG
MPS27,SE17 3BB
MPS29,N22 8JA
NEWLMC,ST5 2DT
NTS3,NG24 1LH
ROTHCT,S60 2BX
STEVMC,SG1 3SS
MLW051,B70 9PJ
MNCHCT,M60 9DJ
SUS4,RH10 8BF
SUS7,PO18 8AD
WYP4,BD5 0EW
WWM6,CV11 4JU
WWM7,WR1 3QX
